mdl_score,spr_raw,spr_score,hrpu_raw,hpru_score,sdc_raw,sdc_score,ltk_raw,ltk_score,x2mr_raw,x2mr_score,acft_score,apft_pushups,apft_situps,apft_runtime_sec,apft_score,ioct_score,ioct_sec,ioct_tab,age,hgt_in,wt_lb,bmi,sex
82,9.7,81,22,66,90,100,11,82,791,100,511,86,90,709,352,914,154,Tabbed,21,71,168,23.4369671,Male
90,12.1,97,28,69,88,100,2,62,965,82,500,72,81,863,279,762,177,No Tab,22,72,239,31.06934002,Male
100,10.3,85,34,74,100,98,11,82,869,93,532,88,79,787,297,800,169,No Tab,22,69,172,25.90245822,Male
78,10,83,23,66,109,91,11,82,1009,77,477,77,80,847,270,690,200,No Tab,21,67,205,31.38992487,Male
100,12.6,100,42,82,89,100,18,96,898,90,568,78,86,819,292,806,168,No Tab,25,68,200,31.23297524,Male
70,9.4,79,27,68,115,85,10,80,1035,74,456,67,75,755,276,690,200,No Tab,22,72,201,27.045684,Male
90,9.8,82,52,92,100,98,14,88,808,100,550,84,80,745,313,806,168,No Tab,22,73,192,25.41478848,Male
90,10.2,85,28,69,99,98,9,78,989,80,500,65,72,799,261,734,182,No Tab,22,72,186,25.57668638,Male
63,5.3,62,18,64,141,68,3,65,1088,69,391,65,106,885,344,944,200,Tabbed,22,64,128,21.32905544,Female
63,5.4,62,30,70,157,64,8,76,1052,73,408,72,84,922,303,844,236,No Tab,22,65,133,22.53311502,Female
78,9.7,81,40,80,107,93,15,90,806,100,522,79,78,767,292,896,157,Tabbed,21,66,151,24.42299734,Male
74,9.9,82,21,65,105,95,10,80,978,81,477,66,83,848,271,710,191,No Tab,21,73,216,29.0843034,Male
78,8.8,75,42,82,87,100,20,100,727,100,535,100,100,698,364,908,155,Tabbed,22,71,170,23.48023668,Male
82,9.5,80,43,83,104,96,13,86,798,100,527,89,102,689,361,920,153,Tabbed,21,67,176,28.30479824,Male
62,6.4,65,0,0,125,75,0,0,1136,65,267,35,79,885,269,686,319,No Tab,21,71,176,23.78389297,Female
90,9.1,77,48,88,90,100,14,88,855,94,537,81,89,783,299,836,163,No Tab,21,70,181,26.34096655,Male
90,10,83,26,68,94,100,12,84,757,100,525,77,85,714,336,914,154,Tabbed,22,70,201,27.53337277,Male
74,7.4,68,23,66,106,94,6,72,910,88,462,67,83,874,340,758,276,No Tab,22,65,165,25.87867268,Female
82,11.8,95,37,77,79,100,11,82,747,100,536,70,71,644,281,926,152,Tabbed,21,74,184,23.79779235,Male
62,6.6,66,20,65,117,83,0,0,891,90,366,52,77,828,298,856,231,No Tab,22,68,158,23.4645798,Female
82,9.3,79,41,81,93,100,6,72,840,96,510,78,86,754,315,954,146,Tabbed,22,69,162,23.14939695,Male
74,9.7,81,44,84,93,100,2,62,985,80,481,69,80,795,281,776,173,No Tab,22,72,210,29.07076922,Male
63,6.5,65,20,65,110,90,0,0,847,95,378,55,89,779,347,750,277,No Tab,22,68,172,25.30508584,Female
78,10,83,37,77,91,100,13,86,995,79,503,90,81,749,308,884,159,No Tab,21,70,208,29.61972529,Male
74,9.6,81,30,70,110,90,10,80,1032,75,470,70,73,837,277,770,174,No Tab,21,76,191,23.79802739,Male
90,11.5,93,27,68,99,98,8,76,775,100,525,70,85,692,299,860,161,No Tab,21,74,205,27.10304129,Male
78,7,67,42,82,110,90,10,80,863,94,491,79,84,777,296,884,159,No Tab,21,64,158,26.34755135,Male
70,7.3,68,26,68,120,80,3,65,876,92,443,40,65,818,275,884,219,No Tab,22,65,157,26.48931079,Female
82,12,97,35,75,94,100,5,70,911,88,512,66,72,829,259,710,193,No Tab,22,74,245,31.26458873,Male
74,8.1,71,36,76,95,100,9,78,813,99,498,62,83,722,283,830,164,No Tab,21,75,172,21.41822465,Male
82,7.6,69,29,69,113,87,8,76,876,92,475,73,83,787,297,788,171,No Tab,23,71,206,29.04458499,Male
82,10.1,84,23,66,99,98,7,74,927,86,490,61,72,860,242,690,195,No Tab,21,74,206,26.57420146,Male
90,11,90,36,76,89,100,12,84,906,89,529,99,90,768,341,758,178,No Tab,24,70,188,26.88780888,Male
70,5,62,22,66,112,88,11,82,951,84,452,55,96,840,340,950,191,Tabbed,22,69,136,20.72196658,Female
78,6.5,65,33,73,102,97,9,78,1073,70,461,87,84,851,287,788,171,No Tab,22,68,164,24.26920513,Male
63,4.6,61,30,70,118,82,13,86,941,85,447,73,87,897,339,946,193,Tabbed,22,63,138,23.04914056,Female
78,8,70,48,88,112,88,13,86,875,92,502,91,87,735,327,926,152,Tabbed,22,62,145,26.50807872,Male
82,10.4,86,45,85,101,97,10,80,877,92,522,78,79,776,298,750,179,No Tab,22,68,179,26.34096655,Male
90,9.3,79,46,86,98,99,15,90,864,93,537,76,91,741,328,940,149,Tabbed,21,68,179,27.30923463,Male
100,12.7,100,31,71,89,100,11,82,861,94,547,75,75,733,294,896,157,Tabbed,21,73,195,25.78094172,Male
64,5.9,64,7,45,123,77,0,0,1028,75,325,42,64,947,267,758,274,No Tab,21,67,168,27.17260631,Female
100,12.2,98,30,70,93,100,5,70,869,93,531,65,86,794,284,762,176,No Tab,22,75,262,31.9583238,Male
62,6.7,66,3,25,108,92,0,0,1013,77,322,53,87,848,334,908,207,Tabbed,22,66,166,25.73973839,Female
100,11.6,94,40,80,87,100,15,90,1080,69,533,89,91,772,330,776,173,No Tab,22,73,199,26.3661442,Male
65,9.5,80,15,62,98,99,5,70,835,97,473,62,91,862,256,762,176,No Tab,23,71,197,27.39360946,Male
74,6.6,66,40,80,100,98,13,86,891,90,494,75,78,786,299,762,177,No Tab,21,73,202,26.04536163,Male
78,10.1,84,48,88,97,99,13,86,918,87,522,92,93,804,296,710,192,No Tab,26,68,165,25.89668802,Male
90,9.4,79,39,79,93,100,11,82,858,94,524,77,81,767,293,812,167,No Tab,21,73,190,24.4455632,Male
70,5.8,63,10,60,118,82,3,65,917,88,428,65,83,860,335,796,249,No Tab,21,65,163,27.86537888,Female
63,6.7,66,11,60,113,87,0,0,969,82,358,45,81,864,312,758,266,No Tab,21,67,167,24.68351901,Female
90,12.2,98,46,86,95,100,16,92,889,91,557,80,80,817,288,860,161,No Tab,22,72,200,27.18159196,Male
82,11.6,94,44,84,88,100,11,82,908,89,531,80,75,797,283,914,154,Tabbed,22,68,171,25.75009082,Male
82,11,90,46,86,90,100,10,80,793,100,538,83,94,765,318,812,167,No Tab,22,72,222,29.62793524,Male
100,14.3,100,40,80,95,100,11,82,906,89,551,75,81,784,289,806,168,No Tab,22,75,195,23.92328017,Male
100,10.3,85,35,75,93,100,10,80,900,89,529,85,84,768,294,944,148,Tabbed,21,72,201,27.39360946,Male
82,9.3,79,25,67,99,98,8,76,910,88,490,84,83,738,322,940,149,Tabbed,23,74,189,23.67359805,Male
74,8.1,71,36,76,110,90,11,82,807,100,493,90,83,755,310,806,168,No Tab,23,69,181,27.57849964,Male
78,9.6,81,29,69,122,78,3,65,1069,71,442,75,81,900,272,690,201,No Tab,21,72,221,29.49202728,Male
90,6.3,65,24,67,116,84,16,92,934,86,484,98,77,852,273,750,179,No Tab,23,67,159,24.17024215,Male
82,8,70,46,86,89,100,20,100,819,98,536,98,90,722,343,960,145,Tabbed,21,66,155,24.17024215,Male
82,9.5,80,47,87,90,100,12,84,876,92,525,76,89,731,325,836,163,No Tab,21,71,164,22.92118342,Male
74,9.9,82,18,64,94,100,10,80,898,90,490,73,84,745,314,872,160,No Tab,22,75,180,22.77297204,Male
90,8.7,75,33,73,88,100,14,88,972,81,507,80,80,818,283,734,183,No Tab,23,72,189,24.45884214,Male
82,8.8,75,33,73,105,95,11,82,866,93,500,77,93,726,331,914,154,Tabbed,22,72,166,22.6416568,Male
90,10.4,86,37,77,94,100,7,74,887,91,518,75,81,748,313,896,157,Tabbed,21,69,191,27.3191641,Male
90,11.6,94,36,76,93,100,16,92,891,90,542,78,79,796,288,936,150,Tabbed,22,70,191,27.67281317,Male
100,12.3,99,50,90,93,100,25,100,856,94,583,88,91,725,323,914,154,Tabbed,21,68,162,25.11193989,Male
60,8.3,73,16,63,110,90,1,60,1048,73,419,50,69,884,284,772,263,No Tab,21,68,201,30.32111286,Female
70,7.8,69,23,66,109,91,4,68,1034,75,439,75,77,828,278,690,198,No Tab,22,67,180,28.25093238,Male
100,11.7,95,38,78,87,100,10,80,900,89,542,67,68,831,265,710,192,No Tab,22,72,244,31.59817985,Male
63,5,62,20,65,153,65,0,0,1129,65,320,45,79,971,279,758,267,No Tab,21,63,135,24.56016642,Female
64,5.3,62,14,62,130,70,0,0,959,83,341,46,99,885,328,780,253,No Tab,21,67,157,23.8563429,Female
82,10.7,88,36,76,85,100,15,90,847,95,531,60,70,782,229,690,200,No Tab,22,73,194,25.82251236,Male
74,8.8,75,28,69,100,98,5,70,830,97,483,80,84,734,321,830,164,No Tab,22,74,194,25.25210189,Male
100,12.2,98,47,87,86,100,11,82,840,96,563,77,81,760,297,872,160,No Tab,22,74,205,26.37547609,Male
90,9.2,78,54,94,91,100,25,100,747,100,562,105,104,687,375,994,135,Tabbed,22,69,174,25.00911992,Male
90,12.9,100,39,79,87,100,12,84,905,89,542,74,84,794,293,782,172,No Tab,23,74,197,25.64873176,Male
90,9.3,79,47,87,95,100,13,86,901,89,531,76,83,788,288,890,158,Tabbed,23,69,175,25.16238799,Male
100,14.2,100,31,71,84,100,15,90,863,94,555,80,73,771,292,770,174,No Tab,24,78,209,23.73966257,Male
78,9.8,82,35,75,83,100,9,78,753,100,513,72,78,810,285,718,189,No Tab,23,69,196,28.264745,Male
78,8.6,74,23,66,102,97,9,78,1030,75,468,71,71,795,260,690,198,No Tab,22,70,182,25.73752828,Male
78,9.8,82,34,74,100,98,14,88,841,96,516,74,79,814,283,830,164,No Tab,21,75,189,23.93091977,Male
82,7.4,68,30,70,114,86,7,74,1021,76,456,72,80,802,278,680,205,No Tab,22,70,191,25.99597632,Male
62,5.7,63,12,61,144,67,11,82,935,86,421,72,92,845,351,874,222,No Tab,22,66,143,23.12906371,Female
64,5.9,64,19,64,117,83,6,72,921,87,434,48,83,873,297,884,217,No Tab,22,66,136,22.51214831,Female
90,9.3,79,27,68,97,99,10,80,989,80,496,65,88,724,288,806,168,No Tab,22,69,182,25.88131336,Male
90,9.1,77,44,84,94,100,20,100,825,98,549,100,93,735,348,936,150,Tabbed,21,66,153,25.51376808,Male
90,8.8,75,47,87,93,100,14,88,1017,76,516,103,91,724,339,994,136,Tabbed,22,66,174,27.33434802,Male
90,8.9,76,30,70,98,99,12,84,1041,74,493,75,76,872,274,734,183,No Tab,24,67,194,29.663479,Male
70,9.1,77,40,80,94,100,7,74,921,87,488,88,82,791,293,920,153,Tabbed,21,72,197,26.3661442,Male
70,7.7,69,16,63,98,99,7,74,937,85,460,75,82,723,288,788,171,No Tab,22,69,146,22.24564059,Male
65,6.7,66,13,61,116,84,5,70,865,93,439,59,95,837,350,920,203,Tabbed,22,65,138,23.01241827,Female
63,6,64,13,61,152,65,6,72,994,79,404,42,78,1017,283,772,263,No Tab,21,70,127,17.74994082,Female
78,7.8,69,26,68,95,100,8,76,712,100,491,60,96,665,285,782,172,No Tab,22,72,170,22.69662929,Male
100,10,83,53,93,84,100,20,100,732,100,576,100,103,686,375,936,150,Tabbed,22,70,180,25.59374321,Male
78,9,77,30,70,91,100,7,74,1096,68,467,79,90,795,296,794,170,No Tab,22,67,168,27.17260631,Male
100,9.7,81,36,76,95,100,10,80,919,87,524,83,83,840,282,800,169,No Tab,21,68,180,26.4889495,Male
63,5.9,64,4,30,113,87,0,0,814,99,343,65,102,774,356,908,208,Tabbed,21,64,144,24.76922567,Female
90,11.4,93,37,77,87,100,15,90,764,100,550,70,90,749,294,932,151,Tabbed,24,73,210,28.26885564,Male
62,5.3,62,28,69,142,67,2,62,984,80,402,70,89,839,343,902,214,Tabbed,22,63,120,21.07775477,Female
62,6.4,65,20,65,123,77,9,78,989,80,427,58,80,838,325,908,210,Tabbed,21,64,140,22.84566161,Female
70,8.2,71,33,73,95,100,9,78,765,100,492,74,87,713,324,896,157,Tabbed,23,67,163,26.04041438,Male
74,9.8,82,40,80,89,100,13,86,956,83,505,72,82,835,284,926,152,Tabbed,21,72,178,24.19161685,Male
90,10.7,88,51,91,84,100,18,96,882,91,556,85,85,749,329,848,162,No Tab,23,68,174,27.15228501,Male
70,8.7,75,33,73,119,81,9,78,1020,76,453,87,83,836,274,710,192,No Tab,22,65,159,25.84728139,Male
74,8.1,71,30,70,99,98,5,70,967,82,465,71,86,683,300,908,155,Tabbed,22,67,162,24.68351901,Male
90,10.6,87,47,87,88,100,20,100,763,100,564,95,105,730,355,902,156,Tabbed,24,70,186,27.52483021,Male
90,11.4,93,40,80,76,100,15,90,973,81,534,88,84,755,331,926,152,Tabbed,21,72,194,27.11408283,Male
78,10.2,85,32,72,96,99,11,82,826,98,514,72,67,749,277,824,165,No Tab,22,72,185,25.0070646,Male
82,8.6,74,56,96,97,99,10,80,904,89,520,105,115,670,375,978,142,Tabbed,22,68,177,26.99533539,Male
78,9.6,81,37,77,89,100,14,88,695,100,524,86,101,642,365,954,146,Tabbed,21,70,163,23.4369671,Male
82,9.8,82,31,71,92,100,10,80,914,88,503,72,79,761,308,884,159,No Tab,22,71,206,27.31749992,Male
100,13.5,100,38,78,88,100,12,84,963,82,544,73,81,803,289,770,174,No Tab,22,74,220,27.91940639,Male
74,7.9,70,26,68,113,87,4,68,884,91,458,76,64,770,274,710,191,No Tab,21,69,167,23.29318202,Male
82,11.8,95,54,94,86,100,16,92,799,100,563,100,84,706,356,1000,126,Tabbed,23,68,172,25.90245822,Male
63,6.2,64,17,63,130,70,0,0,1143,64,324,43,73,910,276,740,292,No Tab,21,72,191,26.55502958,Female
82,8.7,75,40,80,103,96,12,84,972,81,498,90,85,833,283,836,163,No Tab,22,72,178,24.31881656,Male
82,6.8,66,37,77,100,98,15,90,925,87,500,81,85,765,320,718,188,No Tab,22,71,168,23.34047336,Male
78,9.5,80,23,66,102,97,0,0,799,100,421,84,75,734,295,690,194,No Tab,22,75,231,28.80813842,Male
78,9.5,80,32,72,102,97,9,78,878,92,497,86,79,760,318,762,176,No Tab,22,69,163,24.53115161,Male
90,8.4,73,55,95,97,99,18,96,705,100,553,83,92,681,349,944,148,Tabbed,21,71,171,24.29967754,Male
74,8.6,74,27,68,100,98,10,80,905,89,483,72,82,813,286,788,171,No Tab,21,66,173,26.52448651,Male
90,9,77,36,76,94,100,10,80,843,96,519,67,83,748,294,896,157,Tabbed,23,72,181,25.29715975,Male
82,11.9,96,41,81,77,100,13,86,949,84,529,80,82,678,338,908,155,Tabbed,22,75,206,24.51764536,Male
82,9.8,82,35,75,90,100,10,80,879,92,511,68,75,863,266,710,192,No Tab,22,73,222,30.17156708,Male
63,6.8,66,8,50,130,70,0,0,1120,66,315,44,70,922,284,758,269,No Tab,21,68,157,24.17024215,Female
78,8.3,73,41,81,117,83,10,80,942,85,480,85,82,852,283,718,190,No Tab,22,68,175,27.30923463,Male
100,11.7,95,33,73,98,99,20,100,891,90,557,89,87,795,290,848,162,No Tab,22,70,180,25.59374321,Male
82,9.3,79,36,76,97,99,13,86,853,95,517,74,85,761,313,940,149,Tabbed,22,69,172,25.15710288,Male
78,9.5,80,31,71,121,79,11,82,1081,69,459,70,72,854,258,762,176,No Tab,22,71,199,27.045684,Male
90,11.6,94,46,86,90,100,19,98,985,80,548,90,93,802,294,800,169,No Tab,21,73,209,28.26885564,Male
82,8.5,73,34,74,110,90,7,74,1008,77,470,72,66,855,258,718,189,No Tab,24,70,215,30.62622081,Male
100,9.5,80,37,77,89,100,10,80,915,88,525,73,80,787,295,812,167,No Tab,22,70,182,24.87786981,Male
90,10.4,86,30,70,92,100,6,72,907,89,507,67,80,848,255,896,157,Tabbed,22,73,198,25.64873176,Male
62,5,62,17,63,148,66,6,72,942,85,410,42,85,879,294,804,246,No Tab,23,63,123,21.12398004,Female
64,5.7,63,18,64,146,66,1,60,1159,64,381,54,90,1001,287,780,257,No Tab,22,65,158,25.68052473,Female
64,4.6,61,12,61,138,68,0,0,951,84,338,60,80,917,298,844,236,No Tab,23,66,143,23.67944488,Female
78,9.5,80,21,65,91,100,0,0,924,87,410,69,88,764,297,768,175,No Tab,22,67,210,31.84478687,Male
64,4.7,61,25,67,108,92,13,86,813,99,469,54,104,739,358,944,198,Tabbed,22,68,146,21.94090579,Female
70,10.2,85,38,78,93,100,10,80,940,85,498,78,76,785,294,848,162,No Tab,23,72,192,25.41478848,Male
70,8.2,71,14,62,99,98,7,74,915,88,463,72,74,723,290,818,166,No Tab,21,67,145,21.97294741,Male
63,402,100,21,65,123,77,4,68,859,94,467,62,99,853,345,902,212,Tabbed,24,64,127,21.50106395,Female
86,10.6,87,33,73,97,99,10,80,922,87,512,62,82,758,286,770,174,No Tab,21,72,198,25.78094172,Male
82,9.5,80,29,69,94,100,10,80,849,95,506,70,83,779,291,824,165,No Tab,21,71,190,26.41526626,Male
82,10.1,84,23,66,86,100,16,92,846,95,519,74,85,805,293,914,154,Tabbed,23,73,193,25.25210189,Male
63,3.9,30,20,65,150,65,5,70,1143,64,357,46,79,1001,279,758,267,No Tab,22,66,142,23.01241827,Female
90,10.5,87,38,78,93,100,8,76,814,99,530,79,87,740,329,776,173,No Tab,22,73,182,24.19161685,Male
100,11.4,93,27,68,103,96,11,82,967,82,521,86,78,834,288,750,179,No Tab,21,72,181,24.59834319,Male
78,12,97,26,68,93,100,9,78,1127,66,487,72,75,842,265,758,178,No Tab,22,73,225,28.30538897,Male
62,5.1,62,14,62,147,66,8,76,843,96,424,65,88,812,350,908,210,Tabbed,23,64,131,22.01708949,Female
90,9.4,79,35,75,95,100,10,80,756,100,524,70,79,731,292,794,170,No Tab,22,66,214,33.43026998,Male
74,9.4,79,30,70,101,97,8,76,945,84,480,72,72,818,276,750,179,No Tab,22,73,200,26.63796012,Male
62,4,35,8,50,130,70,0,0,972,81,298,45,80,887,291,772,261,No Tab,20,66,146,22.12989703,Female
63,7.2,68,30,70,138,68,8,76,816,99,444,72,78,750,294,726,186,No Tab,21,69,139,19.55477009,Male
82,7.7,69,36,76,106,94,17,94,830,97,512,72,89,828,343,1000,170,Tabbed,26,66,165,25.87867268,Female
90,10.9,89,45,85,93,100,12,84,928,86,534,85,80,786,299,848,162,No Tab,22,67,214,31.84478687,Male
100,9.1,77,47,87,95,100,20,100,803,100,564,80,85,686,336,936,150,Tabbed,22,76,183,22.92125796,Male
100,12.4,99,40,80,80,100,14,88,824,98,565,86,82,764,312,968,144,Tabbed,23,71,222,30.17156708,Male
62,3.4,5,10,60,177,61,3,65,1043,74,327,59,77,946,290,804,244,No Tab,24,60,110,21.85896618,Female
90,10,83,40,80,109,91,10,80,748,100,524,100,95,722,353,914,154,Tabbed,24,71,166,23.58075217,Male
100,11.4,93,36,76,94,100,12,84,1080,69,522,72,78,759,286,818,166,No Tab,21,70,186,26.02509843,Male
65,6.2,64,3,25,126,74,0,0,1022,76,304,45,86,986,289,758,275,No Tab,23,65,164,26.84782131,Female
90,8.9,76,35,75,96,99,15,90,822,98,528,90,88,738,339,818,166,No Tab,22,72,175,23.00453261,Male
90,11.8,95,20,65,87,100,13,86,1069,71,507,75,80,879,279,740,181,No Tab,23,72,215,28.29293091,Male
100,14.6,100,46,86,84,100,19,98,911,88,572,73,83,780,286,788,171,No Tab,22,68,216,31.52037008,Male
82,10.9,89,28,69,108,92,10,80,1000,78,490,83,90,782,297,872,160,No Tab,21,68,174,26.68143614,Male
90,11.2,91,29,69,90,100,4,68,889,91,509,70,68,802,270,740,181,No Tab,22,71,205,27.31749992,Male
82,11.4,93,24,67,91,100,9,78,1003,78,498,72,80,752,311,860,161,No Tab,23,73,215,28.42514087,Male
90,9.7,81,38,78,102,97,12,84,908,89,519,69,81,787,287,788,171,No Tab,22,70,179,25.30617306,Male
82,6,64,29,69,99,98,6,72,819,98,483,68,82,789,284,758,178,No Tab,21,68,161,23.52929034,Male
78,10.8,89,26,68,93,100,13,86,854,95,516,72,88,716,296,782,172,No Tab,22,72,188,25.55069644,Male
90,9.3,79,33,73,90,100,8,76,780,100,518,86,78,717,327,824,165,No Tab,21,73,223,28.17672811,Male
62,3.6,15,18,64,129,71,0,0,996,79,291,54,77,939,288,772,263,No Tab,22,67,190,29.34957975,Female
82,8.8,75,29,69,85,100,10,80,805,100,506,87,88,740,323,818,166,No Tab,23,70,191,27.3191641,Male
82,9.5,80,45,85,88,100,15,90,913,88,525,82,81,723,324,940,149,Tabbed,22,70,169,24.86113697,Male
82,10.5,87,26,68,102,97,12,84,1072,70,488,73,79,819,287,800,169,No Tab,21,68,180,26.63693246,Male
70,9,77,30,70,125,75,9,78,955,83,453,75,82,769,299,762,177,No Tab,26,67,184,29.59873187,Male
78,10.5,87,26,68,93,100,2,62,987,80,475,67,75,812,263,718,187,No Tab,23,71,221,30.18887573,Male
90,12.5,100,49,89,93,100,20,100,958,83,562,74,71,783,278,762,176,No Tab,23,69,185,26.93289838,Male
70,6.9,67,31,71,97,99,15,90,812,99,496,69,84,732,297,908,155,Tabbed,21,66,166,26.36389779,Male
74,4.9,61,25,67,125,75,0,0,990,79,356,50,70,858,287,874,220,No Tab,26,66,153,23.38549403,Female
100,7.8,69,35,75,110,90,15,90,937,85,509,62,88,721,287,718,190,No Tab,21,68,175,25.4530688,Male
82,8.8,75,31,71,101,97,9,78,740,100,503,69,75,694,288,758,178,No Tab,22,75,190,23.29701629,Male
90,9.5,80,52,92,94,100,13,86,819,98,546,90,96,780,337,812,167,No Tab,21,67,172,25.75009082,Male
62,5.8,63,12,61,114,86,12,84,888,91,447,60,94,786,350,946,196,Tabbed,21,70,154,21.56776113,Female
50,4.4,55,3,25,154,65,0,0,1235,61,256,48,81,1099,266,718,307,No Tab,23,62,144,25.65987537,Female
90,11.1,91,33,73,99,98,7,74,779,100,526,738,85,715,319,926,152,Tabbed,26,74,188,22.92125796,Male
90,9.2,78,44,84,106,94,13,86,792,100,532,83,94,700,342,860,161,No Tab,22,68,163,24.37878421,Male
70,9,77,32,72,106,94,10,80,974,81,474,69,80,769,271,758,178,No Tab,23,72,178,23.40116248,Male
86,11.5,93,32,72,100,98,12,84,910,88,521,89,84,773,289,718,188,No Tab,21,75,184,22.92125796,Male
100,11.1,91,43,83,86,100,13,86,969,82,542,72,79,762,308,830,164,No Tab,21,74,195,24.83154578,Male
70,8.7,75,34,74,104,96,10,80,997,79,474,68,74,885,260,830,164,No Tab,23,71,153,21.38378697,Male
78,9.1,77,35,75,119,81,7,74,913,88,473,75,78,773,289,776,173,No Tab,22,70,164,23.52929034,Male
100,14.1,100,41,81,81,100,14,88,820,98,567,75,95,780,297,932,151,Tabbed,22,76,220,26.71325539,Male
74,8.1,71,28,69,91,100,6,72,899,90,476,76,80,780,284,762,177,No Tab,21,74,217,28.29293091,Male
78,9.9,82,31,71,104,96,8,76,950,84,487,72,81,847,277,690,200,No Tab,22,74,206,26.70641142,Male
78,11.5,93,24,67,88,100,8,76,963,82,496,65,71,814,265,718,187,No Tab,21,73,191,25.25210189,Male
100,11.5,93,41,81,92,100,17,94,900,89,557,84,93,734,331,902,156,Tabbed,22,71,242,32.88972627,Male
78,9.9,82,35,75,95,100,12,84,794,100,519,85,101,753,340,920,153,Tabbed,22,71,169,23.58075217,Male
78,9.3,79,31,71,98,99,10,80,856,94,501,83,95,689,349,848,162,No Tab,22,74,179,23.53337244,Male
82,10.6,87,34,74,90,100,10,80,963,82,505,75,80,736,311,908,155,Tabbed,22,73,198,26.50205216,Male
100,11,90,43,83,82,100,17,94,898,90,557,77,85,775,313,884,159,No Tab,24,72,217,28.55735082,Male
78,9.7,81,35,75,94,100,12,84,956,83,501,75,84,780,289,836,163,No Tab,22,68,180,26.66429523,Male
90,10.6,87,38,78,91,100,4,68,734,100,523,76,86,715,331,932,151,Tabbed,22,73,198,26.50205216,Male
82,13.7,100,25,67,85,100,18,96,897,90,535,72,83,819,285,890,158,Tabbed,21,81,225,24.65914023,Male
90,11.3,92,35,75,93,100,8,76,1015,77,510,71,73,849,264,758,178,No Tab,22,75,212,27.01878038,Male
78,7.6,69,41,81,100,98,11,82,842,96,504,86,99,738,349,944,148,Tabbed,22,69,157,22.57425665,Male
82,9.9,82,47,87,98,99,15,90,905,89,529,86,91,780,308,750,179,No Tab,22,68,184,27.42613224,Male
78,8.3,73,41,81,94,100,8,76,832,97,505,97,83,760,308,824,165,No Tab,24,74,219,28.82177074,Male
90,9.2,78,43,83,93,100,16,92,915,88,531,78,85,755,318,824,165,No Tab,22,67,186,28.18796924,Male
90,12.6,100,30,70,163,63,10,80,1026,75,478,81,78,694,293,718,189,No Tab,21,70,214,30.33865066,Male
90,11.9,96,36,76,88,100,12,84,978,81,527,78,101,781,299,770,174,No Tab,22,73,218,29.0843034,Male
78,9.2,78,40,80,104,96,8,76,1002,78,486,72,79,797,279,806,168,No Tab,21,68,162,23.82525626,Male
100,9.8,82,45,85,88,100,14,88,669,100,555,86,100,660,364,978,142,Tabbed,22,72,165,22.15299745,Male
63,6.6,66,25,67,135,69,3,65,958,83,413,55,78,811,297,946,196,Tabbed,22,69,134,19.23778456,Female
82,9,77,35,75,101,97,10,80,875,92,503,76,82,818,290,750,180,No Tab,21,70,188,26.7440238,Male
64,5.2,62,10,60,120,80,1,60,925,87,413,54,82,128,327,920,202,Tabbed,21,67,148,23.45254711,Female
50,4.6,61,14,62,146,66,0,0,1107,67,306,49,66,1033,252,772,258,No Tab,21,62,114,20.23641785,Female
78,8.2,71,54,94,100,98,14,88,835,97,526,42,74,1055,265,742,288,No Tab,22,61,139,25.11002089,Male
90,8.7,75,41,81,102,97,18,96,841,96,535,82,95,735,325,718,189,No Tab,22,72,202,28.09242602,Male
90,9.6,81,23,66,96,99,0,0,843,96,432,52,70,133,261,726,184,No Tab,22,75,206,25.0055587,Male
82,6.3,65,33,73,108,92,7,74,862,94,480,71,85,775,281,770,174,No Tab,23,65,165,26.52563949,Male
65,4.8,61,14,62,132,70,3,65,967,82,405,65,88,858,346,844,234,No Tab,22,64,123,21.65651735,Female
100,11.5,93,45,85,88,100,21,100,769,100,578,85,82,707,339,940,149,Tabbed,23,68,169,24.86113697,Male
78,9.7,81,34,74,88,100,11,82,875,92,507,69,80,772,287,884,159,No Tab,22,70,175,24.58724769,Male
82,8.3,73,34,74,94,100,6,72,964,82,483,72,67,802,270,896,157,Tabbed,21,70,173,24.29967754,Male
100,12.2,98,52,92,92,100,11,82,798,100,572,75,88,753,315,806,168,No Tab,22,73,192,25.95842032,Male
82,9.5,80,41,81,100,98,10,80,865,93,514,73,78,806,290,782,172,No Tab,22,66,182,27.78008351,Male
90,9.8,82,36,76,85,100,12,84,797,100,532,72,86,771,311,908,155,Tabbed,22,74,176,22.60790274,Male
86,8.4,73,41,81,88,100,17,94,868,93,527,89,91,757,312,936,150,Tabbed,21,67,175,26.66429523,Male
82,8.7,75,40,80,103,96,20,100,1011,77,510,75,81,834,288,848,162,No Tab,22,73,202,26.77386808,Male
62,6.5,65,17,63,118,82,6,72,891,90,434,57,83,813,324,780,256,No Tab,22,67,170,25.89668802,Female
62,5.7,63,12,61,145,67,0,0,1136,65,318,50,89,909,319,864,226,No Tab,22,69,138,20.41723178,Female
90,12.6,100,34,74,89,100,12,84,964,82,530,67,78,855,260,926,152,Tabbed,21,70,217,31.05757603,Male
90,9,77,57,97,95,100,20,100,752,100,564,107,100,703,375,908,155,Tabbed,22,68,161,25.26888952,Male
78,10.6,87,36,76,99,98,10,80,1054,72,491,72,83,776,287,758,178,No Tab,24,68,175,25.15710288,Male
90,12.3,99,39,79,89,100,17,94,862,94,556,85,84,790,297,830,164,No Tab,22,72,186,24.19442223,Male
74,11.5,93,34,74,95,100,14,88,918,87,516,75,79,757,296,940,149,Tabbed,22,76,212,26.05257736,Male
90,12.1,97,44,84,78,100,17,94,754,100,565,97,99,693,367,974,143,Tabbed,22,69,184,26.63693246,Male
82,7.7,69,46,86,84,100,20,100,720,100,537,93,87,655,350,944,148,Tabbed,21,67,153,23.93777223,Male
65,3.8,25,23,66,148,66,5,70,869,93,385,54,92,865,330,944,199,Tabbed,22,60,98,19.63259,Female
78,7.6,69,31,71,117,83,9,78,1057,72,451,52,72,898,288,874,223,No Tab,22,61,143,25.47659054,Female
90,12.7,100,42,82,90,100,8,76,922,87,535,74,82,805,289,762,177,No Tab,25,71,197,26.97431952,Male
100,12,97,45,85,88,100,10,80,853,95,557,86,91,746,326,920,153,Tabbed,21,74,214,27.76409108,Male
62,4.5,60,9,55,137,69,5,70,1005,78,394,50,85,909,314,844,232,No Tab,21,67,140,21.83513007,Female
100,12.6,100,27,68,84,100,5,70,963,82,520,58,74,841,251,718,189,No Tab,22,75,249,31.6505713,Male
70,8.6,74,38,78,97,99,22,100,904,89,510,70,83,807,284,782,172,No Tab,21,68,157,24.17024215,Male
82,8.6,74,34,74,105,95,12,84,1020,76,485,82,73,815,272,718,188,No Tab,25,67,209,33.15704937,Male
82,8.9,76,40,80,99,98,13,86,880,92,514,48,87,905,314,864,225,No Tab,21,66,184,29.27524847,Male
78,9.5,80,37,77,109,91,15,90,835,97,513,84,82,770,319,762,176,No Tab,22,70,189,25.71644969,Male
100,12.5,100,46,86,87,100,8,76,821,98,560,79,82,801,314,710,192,No Tab,23,74,232,30.01166036,Male
100,10.2,85,37,77,88,100,15,90,932,86,538,84,83,753,326,812,167,No Tab,22,70,194,27.8943044,Male
74,8.8,75,33,73,111,89,12,84,950,84,479,78,76,815,286,710,192,No Tab,22,68,150,23.54244365,Male
82,8.9,76,40,80,89,100,8,76,817,99,513,77,84,745,299,800,169,No Tab,23,71,193,27.03159395,Male
63,5.6,63,10,60,112,88,4,68,1042,74,416,51,92,830,328,946,196,Tabbed,21,65,140,23.17917492,Female
70,5.7,63,32,72,122,78,21,100,908,89,472,75,110,796,373,960,182,Tabbed,21,61,125,22.54403336,Female
78,7.8,69,23,66,97,99,9,78,853,95,485,65,86,728,292,830,164,No Tab,22,73,192,25.41478848,Male
62,5.3,62,21,65,117,83,6,72,926,87,431,60,80,831,325,950,191,Tabbed,22,63,118,20.76895516,Female
82,10,83,33,73,93,100,14,88,995,79,505,82,75,755,295,776,173,No Tab,22,70,189,26.88780888,Male
62,5.9,64,12,61,138,68,9,78,1121,66,399,52,82,925,310,844,232,No Tab,22,63,127,21.67307247,Female
100,11.3,92,46,86,88,100,10,80,969,82,540,80,80,825,289,800,169,No Tab,22,71,193,26.8345562,Male
62,5.6,63,2,20,121,79,0,0,869,93,317,68,81,755,288,768,175,Tabbed,21,73,188,25.55069644,Female
90,8.4,73,45,85,113,87,18,96,880,92,523,83,92,758,315,944,148,Tabbed,22,67,160,25.23170586,Male
100,12.2,98,46,86,81,100,17,94,813,99,577,89,90,744,330,954,146,Tabbed,21,73,211,28.13294768,Male
74,10.2,85,21,65,90,100,7,74,792,100,498,82,90,747,319,824,165,No Tab,21,74,201,25.91315167,Male
70,6.4,65,16,63,131,70,0,0,1096,68,336,43,72,895,284,804,245,No Tab,22,67,159,24.4841414,Female
82,8.4,73,43,83,100,98,12,84,926,87,507,80,80,837,283,782,172,No Tab,22,74,194,25.5165218,Male
86,11.6,94,35,75,94,100,13,86,912,88,529,75,82,800,283,718,187,No Tab,28,73,206,26.57420146,Male
82,8.9,76,35,75,95,100,12,84,846,95,512,72,79,755,291,830,164,No Tab,22,72,176,23.64798501,Male
74,8.4,73,35,75,105,95,0,0,1005,78,395,76,79,699,282,690,197,No Tab,22,69,194,28.70869388,Male
100,12.7,100,32,72,87,100,4,68,1027,75,515,60,61,799,244,680,208,No Tab,23,72,270,36.69514915,Male
90,10.5,87,50,90,86,100,19,98,737,100,565,82,100,695,359,978,142,Tabbed,22,72,192,26.69479289,Male
74,10,83,43,83,89,100,11,82,872,93,515,79,94,701,341,768,175,No Tab,23,72,190,26.55502958,Male
82,10.1,84,44,84,93,100,15,90,762,100,540,86,100,685,351,932,151,Tabbed,25,73,189,24.5910521,Male
90,9,77,41,81,101,97,13,86,948,84,515,81,84,744,293,740,181,No Tab,22,71,198,26.77386808,Male
64,7.3,68,14,62,122,78,3,65,939,85,422,78,73,733,292,914,154,Tabbed,23,67,165,24.68351901,Female
90,11.1,91,36,76,88,100,11,82,874,92,531,77,80,784,286,836,163,No Tab,22,74,227,27.93136899,Male
90,8.4,73,44,84,96,99,10,80,918,87,513,100,87,798,296,740,181,No Tab,23,72,224,29.08619066,Male
62,4.9,61,7,45,143,67,0,0,991,79,314,60,91,924,313,844,236,No Tab,23,64,129,21.34485173,Female
90,10.7,88,42,82,91,100,10,80,812,99,539,81,88,683,336,770,174,No Tab,21,69,198,28.03808947,Male
68,6.4,65,20,65,141,68,7,74,970,82,422,60,86,920,316,864,226,No Tab,23,65,140,23.39315758,Female
90,10.5,87,46,86,100,98,16,92,863,94,547,85,88,754,324,936,150,Tabbed,22,71,185,24.73524868,Male
74,6.9,67,25,67,104,96,10,80,883,91,475,81,89,759,309,830,164,No Tab,22,67,160,23.7693146,Male
90,8.4,73,35,75,95,100,8,76,735,100,514,60,76,776,277,794,170,No Tab,21,72,191,24.98768197,Male
90,10.8,89,24,67,113,87,6,72,825,98,503,60,90,759,285,830,164,No Tab,22,77,211,24.83560373,Male
70,9.4,79,32,72,88,100,5,70,955,83,474,80,78,720,297,988,140,Tabbed,22,72,168,22.83253725,Male
90,8.3,73,41,81,99,98,16,92,954,83,517,87,97,770,336,872,160,No Tab,22,68,154,22.49340964,Male
74,8.8,75,21,65,111,89,3,65,943,85,453,70,87,831,282,680,204,No Tab,23,71,201,28.75701484,Male
70,9.4,79,12,61,107,93,0,0,896,90,393,57,77,823,253,690,200,No Tab,22,73,192,24.98768197,Male
70,6.3,65,24,67,118,82,10,80,931,86,450,62,92,785,351,908,209,Tabbed,23,68,138,20.87433398,Female
100,12.4,99,50,90,83,100,16,92,857,94,575,85,91,715,349,908,155,Tabbed,22,72,188,24.85547201,Male
90,9.3,79,44,84,92,100,12,84,748,100,537,102,93,726,356,992,137,Tabbed,22,68,168,25.59772342,Male
78,7.6,69,25,67,97,99,7,74,1006,78,465,73,72,810,267,762,176,No Tab,22,71,197,27.60673425,Male